"","Apr","Aug","Feb","Jan","Jul","Jun","Mar","May","Oct","Sep","Fri","Mon","Sat","Sun","Thu","Tue","Wed","year","temp","dewp","NUM_COLLISIONS"
"1",0,0,0,1,0,0,0,0,0,0,0,0,0,0,0,0,1,2020,40.3,29.9,0.357352941176471
"2",0,0,0,1,0,0,0,0,0,0,0,0,0,0,1,0,0,2020,39.6,28.9,0.466176470588235
"3",0,0,0,1,0,0,0,0,0,0,1,0,0,0,0,0,0,2020,45.8,42.9,0.527941176470588
"4",0,0,0,1,0,0,0,0,0,0,0,0,1,0,0,0,0,2020,45.4,43.9,0.373529411764706
"5",0,0,0,1,0,0,0,0,0,0,0,0,0,1,0,0,0,2020,40.1,33.8,0.283823529411765
"6",0,0,0,1,0,0,0,0,0,0,0,1,0,0,0,0,0,2020,33.5,24,0.532352941176471
"7",0,0,0,1,0,0,0,0,0,0,0,0,0,0,0,1,0,2020,39,26.6,0.454411764705882
"8",0,0,0,1,0,0,0,0,0,0,0,0,0,0,0,0,1,2020,37.2,31.1,0.526470588235294
"9",0,0,0,1,0,0,0,0,0,0,0,0,0,0,1,0,0,2020,29.5,10.8,0.623529411764706
"10",0,0,0,1,0,0,0,0,0,0,1,0,0,0,0,0,0,2020,39.7,32.2,0.627941176470588
"11",0,0,0,1,0,0,0,0,0,0,0,0,1,0,0,0,0,2020,49.4,46.1,0.507352941176471
"12",0,0,0,1,0,0,0,0,0,0,0,0,0,1,0,0,0,2020,52,49.4,0.432352941176471
"13",0,0,0,1,0,0,0,0,0,0,0,1,0,0,0,0,0,2020,42.5,37,0.558823529411765
"14",0,0,0,1,0,0,0,0,0,0,0,0,0,0,0,1,0,2020,41.5,37.7,0.594117647058824
"15",0,0,0,1,0,0,0,0,0,0,0,0,0,0,0,0,1,2020,43.9,38.3,0.607352941176471
"16",0,0,0,1,0,0,0,0,0,0,0,0,0,0,1,0,0,2020,40.4,34.3,0.667647058823529
"17",0,0,0,1,0,0,0,0,0,0,1,0,0,0,0,0,0,2020,27.1,10.8,0.694117647058824
"18",0,0,0,1,0,0,0,0,0,0,0,0,1,0,0,0,0,2020,23.5,14.3,1
"19",0,0,0,1,0,0,0,0,0,0,0,0,0,1,0,0,0,2020,41.2,35.8,0.392647058823529
"20",0,0,0,1,0,0,0,0,0,0,0,1,0,0,0,0,0,2020,28.1,16.1,0.435294117647059
"21",0,0,0,1,0,0,0,0,0,0,0,0,0,0,0,1,0,2020,27.8,15.2,0.677941176470588
"22",0,0,0,1,0,0,0,0,0,0,0,0,0,0,0,0,1,2020,27.1,14.3,0.582352941176471
"23",0,0,0,1,0,0,0,0,0,0,0,0,0,0,1,0,0,2020,32.3,26.5,0.525
"24",0,0,0,1,0,0,0,0,0,0,1,0,0,0,0,0,0,2020,37.3,33.7,0.632352941176471
"25",0,0,0,1,0,0,0,0,0,0,0,0,1,0,0,0,0,2020,43.1,39.6,0.426470588235294
"26",0,0,0,1,0,0,0,0,0,0,0,0,0,1,0,0,0,2020,44.3,40.7,0.444117647058824
"27",0,0,0,1,0,0,0,0,0,0,0,1,0,0,0,0,0,2020,40.1,33.8,0.526470588235294
"28",0,0,0,1,0,0,0,0,0,0,0,0,0,0,0,1,0,2020,39.4,28.8,0.457352941176471
"29",0,0,0,1,0,0,0,0,0,0,0,0,0,0,0,0,1,2020,35.3,22.5,0.585294117647059
"30",0,0,0,1,0,0,0,0,0,0,0,0,0,0,1,0,0,2020,31.6,19.4,0.630882352941176
"31",0,0,0,1,0,0,0,0,0,0,1,0,0,0,0,0,0,2020,29.8,22.3,0.623529411764706
"32",0,0,1,0,0,0,0,0,0,0,0,0,1,0,0,0,0,2020,39.7,35.2,0.464705882352941
"33",0,0,1,0,0,0,0,0,0,0,0,0,0,1,0,0,0,2020,38.5,33,0.435294117647059
"34",0,0,1,0,0,0,0,0,0,0,0,1,0,0,0,0,0,2020,38.8,32.1,0.683823529411765
"35",0,0,1,0,0,0,0,0,0,0,0,0,0,0,0,1,0,2020,42.2,39.4,0.545588235294118
"36",0,0,1,0,0,0,0,0,0,0,0,0,0,0,0,0,1,2020,41,35.8,0.498529411764706
"37",0,0,1,0,0,0,0,0,0,0,0,0,0,0,1,0,0,2020,41.6,37.8,0.663235294117647
"38",0,0,1,0,0,0,0,0,0,0,1,0,0,0,0,0,0,2020,46.3,43.6,0.751470588235294
"39",0,0,1,0,0,0,0,0,0,0,0,0,1,0,0,0,0,2020,34.2,19.7,0.548529411764706
"40",0,0,1,0,0,0,0,0,0,0,0,0,0,1,0,0,0,2020,33.1,21.6,0.408823529411765
"41",0,0,1,0,0,0,0,0,0,0,0,1,0,0,0,0,0,2020,43.5,37.7,0.702941176470588
"42",0,0,1,0,0,0,0,0,0,0,0,0,0,0,0,1,0,2020,44.1,42.8,0.536764705882353
"43",0,0,1,0,0,0,0,0,0,0,0,0,0,0,0,0,1,2020,40.7,29.4,0.507352941176471
"44",0,0,1,0,0,0,0,0,0,0,0,0,0,0,1,0,0,2020,41.3,38,0.602941176470588
"45",0,0,1,0,0,0,0,0,0,0,1,0,0,0,0,0,0,2020,33.8,24.6,0.791176470588235
"46",0,0,1,0,0,0,0,0,0,0,0,0,1,0,0,0,0,2020,22.8,12.1,0.510294117647059
"47",0,0,1,0,0,0,0,0,0,0,0,0,0,1,0,0,0,2020,37.9,29.8,0.432352941176471
"48",0,0,1,0,0,0,0,0,0,0,0,1,0,0,0,0,0,2020,38.5,29.4,0.361764705882353
"49",0,0,1,0,0,0,0,0,0,0,0,0,0,0,0,1,0,2020,37.2,30.1,0.489705882352941
"50",0,0,1,0,0,0,0,0,0,0,0,0,0,0,0,0,1,2020,44,34,0.564705882352941
"51",0,0,1,0,0,0,0,0,0,0,0,0,0,0,1,0,0,2020,31.4,11.5,0.522058823529412
"52",0,0,1,0,0,0,0,0,0,0,1,0,0,0,0,0,0,2020,27.7,13.6,0.602941176470588
"53",0,0,1,0,0,0,0,0,0,0,0,0,1,0,0,0,0,2020,34.9,20.3,0.461764705882353
"54",0,0,1,0,0,0,0,0,0,0,0,0,0,1,0,0,0,2020,39.9,33.7,0.438235294117647
"55",0,0,1,0,0,0,0,0,0,0,0,1,0,0,0,0,0,2020,41.1,36.7,0.588235294117647
"56",0,0,1,0,0,0,0,0,0,0,0,0,0,0,0,1,0,2020,44,41.8,0.636764705882353
"57",0,0,1,0,0,0,0,0,0,0,0,0,0,0,0,0,1,2020,44.5,42.8,0.523529411764706
"58",0,0,1,0,0,0,0,0,0,0,0,0,0,0,1,0,0,2020,44.6,39.4,0.717647058823529
"59",0,0,1,0,0,0,0,0,0,0,1,0,0,0,0,0,0,2020,36.4,17.4,0.641176470588235
"60",0,0,1,0,0,0,0,0,0,0,0,0,1,0,0,0,0,2020,34.1,16.6,0.533823529411765
"61",0,0,0,0,0,0,1,0,0,0,0,0,0,1,0,0,0,2020,28.7,11.6,0.485294117647059
"62",0,0,0,0,0,0,1,0,0,0,0,1,0,0,0,0,0,2020,36.3,24,0.689705882352941
"63",0,0,0,0,0,0,1,0,0,0,0,0,0,0,0,1,0,2020,46.4,41.6,0.672058823529412
"64",0,0,0,0,0,0,1,0,0,0,0,0,0,0,0,0,1,2020,46.7,39.6,0.658823529411765
"65",0,0,0,0,0,0,1,0,0,0,0,0,0,0,1,0,0,2020,43.5,30.3,0.639705882352941
"66",0,0,0,0,0,0,1,0,0,0,1,0,0,0,0,0,0,2020,40,32.5,0.852941176470588
"67",0,0,0,0,0,0,1,0,0,0,0,0,1,0,0,0,0,2020,34.3,24.3,0.620588235294118
"68",0,0,0,0,0,0,1,0,0,0,0,0,0,1,0,0,0,2020,38.6,22.8,0.463235294117647
"69",0,0,0,0,0,0,1,0,0,0,0,1,0,0,0,0,0,2020,44.7,38.2,0.664705882352941
"70",0,0,0,0,0,0,1,0,0,0,0,0,0,0,0,1,0,2020,46.3,41.4,0.523529411764706
"71",0,0,0,0,0,0,1,0,0,0,0,0,0,0,0,0,1,2020,47.2,39.3,0.558823529411765
"72",0,0,0,0,0,0,1,0,0,0,0,0,0,0,1,0,0,2020,40.6,35.3,0.532352941176471
"73",0,0,0,0,0,0,1,0,0,0,1,0,0,0,0,0,0,2020,46.4,43.3,0.673529411764706
"74",0,0,0,0,0,0,1,0,0,0,0,0,1,0,0,0,0,2020,45.3,32.8,0.407352941176471
"75",0,0,0,0,0,0,1,0,0,0,0,0,0,1,0,0,0,2020,42.6,26.1,0.35
"76",0,0,0,0,0,0,1,0,0,0,0,1,0,0,0,0,0,2020,34,21.9,0.419117647058824
"77",0,0,0,0,0,0,1,0,0,0,0,0,0,0,0,1,0,2020,40,34.9,0.413235294117647
"78",0,0,0,0,0,0,1,0,0,0,0,0,0,0,0,0,1,2020,43.9,34.2,0.3
"79",0,0,0,0,0,0,1,0,0,0,0,0,0,0,1,0,0,2020,45,42.7,0.358823529411765
"80",0,0,0,0,0,0,1,0,0,0,1,0,0,0,0,0,0,2020,46.2,45,0.311764705882353
"81",0,0,0,0,0,0,1,0,0,0,0,0,1,0,0,0,0,2020,45.9,34.4,0.211764705882353
"82",0,0,0,0,0,0,1,0,0,0,0,0,0,1,0,0,0,2020,33.7,19.6,0.0676470588235294
"83",0,0,0,0,0,0,1,0,0,0,0,1,0,0,0,0,0,2020,36,26.9,0.194117647058824
"84",0,0,0,0,0,0,1,0,0,0,0,0,0,0,0,1,0,2020,43.3,39.7,0.157352941176471
"85",0,0,0,0,0,0,1,0,0,0,0,0,0,0,0,0,1,2020,41,34.3,0.110294117647059
"86",0,0,0,0,0,0,1,0,0,0,0,0,0,0,1,0,0,2020,41.2,33.6,0.138235294117647
"87",0,0,0,0,0,0,1,0,0,0,1,0,0,0,0,0,0,2020,47.6,36.5,0.15
"88",0,0,0,0,0,0,1,0,0,0,0,0,1,0,0,0,0,2020,42.3,33,0.132352941176471
"89",0,0,0,0,0,0,1,0,0,0,0,0,0,1,0,0,0,2020,44.8,41.2,0.0779411764705882
"90",0,0,0,0,0,0,1,0,0,0,0,1,0,0,0,0,0,2020,44.7,42.2,0.104411764705882
"91",0,0,0,0,0,0,1,0,0,0,0,0,0,0,0,1,0,2020,39.4,32.1,0.0941176470588235
"92",1,0,0,0,0,0,0,0,0,0,0,0,0,0,0,0,1,2020,39.9,30.6,0.0897058823529412
"93",1,0,0,0,0,0,0,0,0,0,0,0,0,0,1,0,0,2020,42,38,0.107352941176471
"94",1,0,0,0,0,0,0,0,0,0,1,0,0,0,0,0,0,2020,43.7,41.9,0.142647058823529
"95",1,0,0,0,0,0,0,0,0,0,0,0,1,0,0,0,0,2020,42.3,38.4,0.0911764705882353
"96",1,0,0,0,0,0,0,0,0,0,0,0,0,1,0,0,0,2020,41.8,36.3,0
"97",1,0,0,0,0,0,0,0,0,0,0,1,0,0,0,0,0,2020,46.7,37.8,0.0485294117647059
"98",1,0,0,0,0,0,0,0,0,0,0,0,0,0,0,1,0,2020,49,34.1,0.0529411764705882
"99",1,0,0,0,0,0,0,0,0,0,0,0,0,0,0,0,1,2020,46.5,43,0.0455882352941176
"100",1,0,0,0,0,0,0,0,0,0,0,0,0,0,1,0,0,2020,43,41.5,0.0147058823529412
"101",1,0,0,0,0,0,0,0,0,0,1,0,0,0,0,0,0,2020,45.1,30.4,0.0323529411764706
"102",1,0,0,0,0,0,0,0,0,0,0,0,1,0,0,0,0,2020,44.1,30.8,0.0411764705882353
"103",1,0,0,0,0,0,0,0,0,0,0,0,0,1,0,0,0,2020,45.9,31.8,0.0191176470588235
"104",1,0,0,0,0,0,0,0,0,0,0,1,0,0,0,0,0,2020,51.6,48.9,0.0647058823529412
"105",1,0,0,0,0,0,0,0,0,0,0,0,0,0,0,1,0,2020,50.5,42.1,0.0617647058823529
"106",1,0,0,0,0,0,0,0,0,0,0,0,0,0,0,0,1,2020,44.7,39.1,0.0661764705882353
"107",1,0,0,0,0,0,0,0,0,0,0,0,0,0,1,0,0,2020,43.7,30.9,0.0647058823529412
"108",1,0,0,0,0,0,0,0,0,0,1,0,0,0,0,0,0,2020,42.2,20.9,0.0941176470588235
"109",1,0,0,0,0,0,0,0,0,0,0,0,1,0,0,0,0,2020,41,37,0.0470588235294118
"110",1,0,0,0,0,0,0,0,0,0,0,0,0,1,0,0,0,2020,44.3,35.7,0.0132352941176471
"111",1,0,0,0,0,0,0,0,0,0,0,1,0,0,0,0,0,2020,46.8,39.4,0.0691176470588235
"112",1,0,0,0,0,0,0,0,0,0,0,0,0,0,0,1,0,2020,42.4,33,0.0397058823529412
"113",1,0,0,0,0,0,0,0,0,0,0,0,0,0,0,0,1,2020,42,25.3,0.0808823529411765
"114",1,0,0,0,0,0,0,0,0,0,0,0,0,0,1,0,0,2020,42.8,20.9,0.0220588235294118
"115",1,0,0,0,0,0,0,0,0,0,1,0,0,0,0,0,0,2020,46.3,42.8,0.116176470588235
"116",1,0,0,0,0,0,0,0,0,0,0,0,1,0,0,0,0,2020,47.7,36.3,0.0867647058823529
"117",1,0,0,0,0,0,0,0,0,0,0,0,0,1,0,0,0,2020,45.3,40.9,0.0691176470588235
"118",1,0,0,0,0,0,0,0,0,0,0,1,0,0,0,0,0,2020,46.3,34,0.0558823529411765
"119",1,0,0,0,0,0,0,0,0,0,0,0,0,0,0,1,0,2020,41.8,28.8,0.135294117647059
"120",1,0,0,0,0,0,0,0,0,0,0,0,0,0,0,0,1,2020,46.9,35.8,0.0647058823529412
"121",1,0,0,0,0,0,0,0,0,0,0,0,0,0,1,0,0,2020,46.8,41.4,0.117647058823529
"122",0,0,0,0,0,0,0,1,0,0,1,0,0,0,0,0,0,2020,51.3,49.1,0.136764705882353
"123",0,0,0,0,0,0,0,1,0,0,0,0,1,0,0,0,0,2020,51.4,43,0.139705882352941
"124",0,0,0,0,0,0,0,1,0,0,0,0,0,1,0,0,0,2020,51.3,45.8,0.108823529411765
"125",0,0,0,0,0,0,0,1,0,0,0,1,0,0,0,0,0,2020,56.3,46.2,0.117647058823529
"126",0,0,0,0,0,0,0,1,0,0,0,0,0,0,0,1,0,2020,51.5,36.4,0.119117647058824
"127",0,0,0,0,0,0,0,1,0,0,0,0,0,0,0,0,1,2020,45.6,37.8,0.133823529411765
"128",0,0,0,0,0,0,0,1,0,0,0,0,0,0,1,0,0,2020,46.3,40.4,0.120588235294118
"129",0,0,0,0,0,0,0,1,0,0,1,0,0,0,0,0,0,2020,51,40.5,0.122058823529412
"130",0,0,0,0,0,0,0,1,0,0,0,0,1,0,0,0,0,2020,46.2,33.2,0.0794117647058823
"131",0,0,0,0,0,0,0,1,0,0,0,0,0,1,0,0,0,2020,46,27,0.1
"132",0,0,0,0,0,0,0,1,0,0,0,1,0,0,0,0,0,2020,50.6,42.9,0.117647058823529
"133",0,0,0,0,0,0,0,1,0,0,0,0,0,0,0,1,0,2020,49.6,39.4,0.144117647058824
"134",0,0,0,0,0,0,0,1,0,0,0,0,0,0,0,0,1,2020,48.8,26.8,0.175
"135",0,0,0,0,0,0,0,1,0,0,0,0,0,0,1,0,0,2020,51.6,37.5,0.114705882352941
"136",0,0,0,0,0,0,0,1,0,0,1,0,0,0,0,0,0,2020,54.1,50.2,0.219117647058824
"137",0,0,0,0,0,0,0,1,0,0,0,0,1,0,0,0,0,2020,57.6,50.3,0.180882352941176
"138",0,0,0,0,0,0,0,1,0,0,0,0,0,1,0,0,0,2020,49.4,42.9,0.114705882352941
"139",0,0,0,0,0,0,0,1,0,0,0,1,0,0,0,0,0,2020,52.5,45.9,0.135294117647059
"140",0,0,0,0,0,0,0,1,0,0,0,0,0,0,0,1,0,2020,51.7,41.2,0.2
"141",0,0,0,0,0,0,0,1,0,0,0,0,0,0,0,0,1,2020,49.9,36.8,0.145588235294118
"142",0,0,0,0,0,0,0,1,0,0,0,0,0,0,1,0,0,2020,48.3,42.3,0.173529411764706
"143",0,0,0,0,0,0,0,1,0,0,1,0,0,0,0,0,0,2020,57,52.1,0.251470588235294
"144",0,0,0,0,0,0,0,1,0,0,0,0,1,0,0,0,0,2020,56.4,55,0.147058823529412
"145",0,0,0,0,0,0,0,1,0,0,0,0,0,1,0,0,0,2020,51.7,45.8,0.152941176470588
"146",0,0,0,0,0,0,0,1,0,0,0,1,0,0,0,0,0,2020,56,52.4,0.176470588235294
"147",0,0,0,0,0,0,0,1,0,0,0,0,0,0,0,1,0,2020,58.2,56,0.191176470588235
"148",0,0,0,0,0,0,0,1,0,0,0,0,0,0,0,0,1,2020,57.4,56.2,0.214705882352941
"149",0,0,0,0,0,0,0,1,0,0,0,0,0,0,1,0,0,2020,60.2,57.5,0.170588235294118
"150",0,0,0,0,0,0,0,1,0,0,1,0,0,0,0,0,0,2020,61,59.8,0.242647058823529
"151",0,0,0,0,0,0,0,1,0,0,0,0,1,0,0,0,0,2020,60.4,59.1,0.195588235294118
"152",0,0,0,0,0,0,0,1,0,0,0,0,0,1,0,0,0,2020,61.5,48.6,0.169117647058824
"153",0,0,0,0,0,1,0,0,0,0,0,1,0,0,0,0,0,2020,55.4,38.1,0.151470588235294
"154",0,0,0,0,0,1,0,0,0,0,0,0,0,0,0,1,0,2020,57.1,46.6,0.152941176470588
"155",0,0,0,0,0,1,0,0,0,0,0,0,0,0,0,0,1,2020,59.2,56.3,0.179411764705882
"156",0,0,0,0,0,1,0,0,0,0,0,0,0,0,1,0,0,2020,64.4,60.4,0.222058823529412
"157",0,0,0,0,0,1,0,0,0,0,1,0,0,0,0,0,0,2020,60.4,58.9,0.227941176470588
"158",0,0,0,0,0,1,0,0,0,0,0,0,1,0,0,0,0,2020,61.2,59.5,0.245588235294118
"159",0,0,0,0,0,1,0,0,0,0,0,0,0,1,0,0,0,2020,62.2,56.2,0.166176470588235
"160",0,0,0,0,0,1,0,0,0,0,0,1,0,0,0,0,0,2020,62.6,51.1,0.207352941176471
"161",0,0,0,0,0,1,0,0,0,0,0,0,0,0,0,1,0,2020,61.9,55.5,0.232352941176471
"162",0,0,0,0,0,1,0,0,0,0,0,0,0,0,0,0,1,2020,60.3,56.9,0.213235294117647
"163",0,0,0,0,0,1,0,0,0,0,0,0,0,0,1,0,0,2020,63.6,60.1,0.229411764705882
"164",0,0,0,0,0,1,0,0,0,0,1,0,0,0,0,0,0,2020,63.1,61.3,0.269117647058824
"165",0,0,0,0,0,1,0,0,0,0,0,0,1,0,0,0,0,2020,62.5,53.1,0.277941176470588
"166",0,0,0,0,0,1,0,0,0,0,0,0,0,1,0,0,0,2020,60.9,51.4,0.2
"167",0,0,0,0,0,1,0,0,0,0,0,1,0,0,0,0,0,2020,58.3,53.4,0.189705882352941
"168",0,0,0,0,0,1,0,0,0,0,0,0,0,0,0,1,0,2020,59.9,51.5,0.244117647058824
"169",0,0,0,0,0,1,0,0,0,0,0,0,0,0,0,0,1,2020,61.2,53.9,0.222058823529412
"170",0,0,0,0,0,1,0,0,0,0,0,0,0,0,1,0,0,2020,59.8,59.4,0.195588235294118
"171",0,0,0,0,0,1,0,0,0,0,1,0,0,0,0,0,0,2020,63.9,61.5,0.311764705882353
"172",0,0,0,0,0,1,0,0,0,0,0,0,1,0,0,0,0,2020,64.8,61.5,0.222058823529412
"173",0,0,0,0,0,1,0,0,0,0,0,0,0,1,0,0,0,2020,65.2,62.5,0.220588235294118
"174",0,0,0,0,0,1,0,0,0,0,0,1,0,0,0,0,0,2020,68.6,63.4,0.297058823529412
"175",0,0,0,0,0,1,0,0,0,0,0,0,0,0,0,1,0,2020,63.5,61.3,0.289705882352941
"176",0,0,0,0,0,1,0,0,0,0,0,0,0,0,0,0,1,2020,66.4,64.3,0.302941176470588
"177",0,0,0,0,0,1,0,0,0,0,0,0,0,0,1,0,0,2020,67.8,62.5,0.230882352941176
"178",0,0,0,0,0,1,0,0,0,0,1,0,0,0,0,0,0,2020,66.7,61.7,0.357352941176471
"179",0,0,0,0,0,1,0,0,0,0,0,0,1,0,0,0,0,2020,66.6,63.7,0.263235294117647
"180",0,0,0,0,0,1,0,0,0,0,0,0,0,1,0,0,0,2020,68,65.1,0.216176470588235
"181",0,0,0,0,0,1,0,0,0,0,0,1,0,0,0,0,0,2020,67.1,64.7,0.304411764705882
"182",0,0,0,0,0,1,0,0,0,0,0,0,0,0,0,1,0,2020,66.3,62.4,0.270588235294118
"183",0,0,0,0,1,0,0,0,0,0,0,0,0,0,0,0,1,2020,64.4,61.5,0.244117647058824
"184",0,0,0,0,1,0,0,0,0,0,0,0,0,0,1,0,0,2020,68.2,64.4,0.363235294117647
"185",0,0,0,0,1,0,0,0,0,0,1,0,0,0,0,0,0,2020,69.5,66.2,0.307352941176471
"186",0,0,0,0,1,0,0,0,0,0,0,0,1,0,0,0,0,2020,66.1,63.5,0.272058823529412
"187",0,0,0,0,1,0,0,0,0,0,0,0,0,1,0,0,0,2020,63.1,61,0.291176470588235
"188",0,0,0,0,1,0,0,0,0,0,0,1,0,0,0,0,0,2020,67.9,64.1,0.241176470588235
"189",0,0,0,0,1,0,0,0,0,0,0,0,0,0,0,1,0,2020,60.1,56.3,0.219117647058824
"190",0,0,0,0,1,0,0,0,0,0,0,0,0,0,0,0,1,2020,68.1,63.9,0.255882352941176
"191",0,0,0,0,1,0,0,0,0,0,0,0,0,0,1,0,0,2020,70.9,67.4,0.322058823529412
"192",0,0,0,0,1,0,0,0,0,0,1,0,0,0,0,0,0,2020,69.8,67.9,0.298529411764706
"193",0,0,0,0,1,0,0,0,0,0,0,0,1,0,0,0,0,2020,70.3,68.1,0.266176470588235
"194",0,0,0,0,1,0,0,0,0,0,0,0,0,1,0,0,0,2020,71.8,67.5,0.291176470588235
"195",0,0,0,0,1,0,0,0,0,0,0,1,0,0,0,0,0,2020,70.3,67.5,0.289705882352941
"196",0,0,0,0,1,0,0,0,0,0,0,0,0,0,0,1,0,2020,72,68,0.333823529411765
"197",0,0,0,0,1,0,0,0,0,0,0,0,0,0,0,0,1,2020,66.5,60,0.257352941176471
"198",0,0,0,0,1,0,0,0,0,0,0,0,0,0,1,0,0,2020,63.6,55.6,0.338235294117647
"199",0,0,0,0,1,0,0,0,0,0,1,0,0,0,0,0,0,2020,62.6,59,0.314705882352941
"200",0,0,0,0,1,0,0,0,0,0,0,0,1,0,0,0,0,2020,70.2,67.9,0.327941176470588
"201",0,0,0,0,1,0,0,0,0,0,0,0,0,1,0,0,0,2020,69.1,67.5,0.319117647058824
"202",0,0,0,0,1,0,0,0,0,0,0,1,0,0,0,0,0,2020,71,69.4,0.276470588235294
"203",0,0,0,0,1,0,0,0,0,0,0,0,0,0,0,1,0,2020,77.6,66.1,0.35
"204",0,0,0,0,1,0,0,0,0,0,0,0,0,0,0,0,1,2020,72.7,68.1,0.288235294117647
"205",0,0,0,0,1,0,0,0,0,0,0,0,0,0,1,0,0,2020,74.1,70.9,0.351470588235294
"206",0,0,0,0,1,0,0,0,0,0,1,0,0,0,0,0,0,2020,73.7,69.7,0.320588235294118
"207",0,0,0,0,1,0,0,0,0,0,0,0,1,0,0,0,0,2020,69.6,66.7,0.289705882352941
"208",0,0,0,0,1,0,0,0,0,0,0,0,0,1,0,0,0,2020,75.1,71.3,0.320588235294118
"209",0,0,0,0,1,0,0,0,0,0,0,1,0,0,0,0,0,2020,77,69.7,0.333823529411765
"210",0,0,0,0,1,0,0,0,0,0,0,0,0,0,0,1,0,2020,76.5,72.1,0.301470588235294
"211",0,0,0,0,1,0,0,0,0,0,0,0,0,0,0,0,1,2020,75.3,67.6,0.330882352941176
"212",0,0,0,0,1,0,0,0,0,0,0,0,0,0,1,0,0,2020,74.4,72,0.302941176470588
"213",0,0,0,0,1,0,0,0,0,0,1,0,0,0,0,0,0,2020,73.7,70.8,0.367647058823529
"214",0,1,0,0,0,0,0,0,0,0,0,0,1,0,0,0,0,2020,72.6,66.2,0.414705882352941
"215",0,1,0,0,0,0,0,0,0,0,0,0,0,1,0,0,0,2020,71.9,66.9,0.280882352941176
"216",0,1,0,0,0,0,0,0,0,0,0,1,0,0,0,0,0,2020,76.1,72.5,0.382352941176471
"217",0,1,0,0,0,0,0,0,0,0,0,0,0,0,0,1,0,2020,74.8,72.4,0.526470588235294
"218",0,1,0,0,0,0,0,0,0,0,0,0,0,0,0,0,1,2020,74.8,70.5,0.369117647058824
"219",0,1,0,0,0,0,0,0,0,0,0,0,0,0,1,0,0,2020,74.1,61.4,0.385294117647059
"220",0,1,0,0,0,0,0,0,0,0,1,0,0,0,0,0,0,2020,69,65.6,0.357352941176471
"221",0,1,0,0,0,0,0,0,0,0,0,0,1,0,0,0,0,2020,69.7,66.4,0.245588235294118
"222",0,1,0,0,0,0,0,0,0,0,0,0,0,1,0,0,0,2020,71.5,66.9,0.277941176470588
"223",0,1,0,0,0,0,0,0,0,0,0,1,0,0,0,0,0,2020,74.3,70.7,0.333823529411765
"224",0,1,0,0,0,0,0,0,0,0,0,0,0,0,0,1,0,2020,75.4,71.9,0.326470588235294
"225",0,1,0,0,0,0,0,0,0,0,0,0,0,0,0,0,1,2020,75.3,72.7,0.289705882352941
"226",0,1,0,0,0,0,0,0,0,0,0,0,0,0,1,0,0,2020,77,72,0.267647058823529
"227",0,1,0,0,0,0,0,0,0,0,1,0,0,0,0,0,0,2020,74.6,64.8,0.366176470588235
"228",0,1,0,0,0,0,0,0,0,0,0,0,1,0,0,0,0,2020,70.4,66.5,0.320588235294118
"229",0,1,0,0,0,0,0,0,0,0,0,0,0,1,0,0,0,2020,66.6,63.7,0.272058823529412
"230",0,1,0,0,0,0,0,0,0,0,0,1,0,0,0,0,0,2020,66,61.1,0.285294117647059
"231",0,1,0,0,0,0,0,0,0,0,0,0,0,0,0,1,0,2020,68.3,62.8,0.320588235294118
"232",0,1,0,0,0,0,0,0,0,0,0,0,0,0,0,0,1,2020,70.4,62.6,0.283823529411765
"233",0,1,0,0,0,0,0,0,0,0,0,0,0,0,1,0,0,2020,68.4,59.9,0.313235294117647
"234",0,1,0,0,0,0,0,0,0,0,1,0,0,0,0,0,0,2020,69.1,63.5,0.375
"235",0,1,0,0,0,0,0,0,0,0,0,0,1,0,0,0,0,2020,72.3,67.6,0.345588235294118
"236",0,1,0,0,0,0,0,0,0,0,0,0,0,1,0,0,0,2020,72.3,68.9,0.327941176470588
"237",0,1,0,0,0,0,0,0,0,0,0,1,0,0,0,0,0,2020,71.7,70,0.332352941176471
"238",0,1,0,0,0,0,0,0,0,0,0,0,0,0,0,1,0,2020,74.2,70.5,0.283823529411765
"239",0,1,0,0,0,0,0,0,0,0,0,0,0,0,0,0,1,2020,70.3,52.8,0.319117647058824
"240",0,1,0,0,0,0,0,0,0,0,0,0,0,0,1,0,0,2020,66.9,53.6,0.364705882352941
"241",0,1,0,0,0,0,0,0,0,0,1,0,0,0,0,0,0,2020,70.6,65.3,0.313235294117647
"242",0,1,0,0,0,0,0,0,0,0,0,0,1,0,0,0,0,2020,70.8,68.6,0.291176470588235
"243",0,1,0,0,0,0,0,0,0,0,0,0,0,1,0,0,0,2020,72,61.6,0.308823529411765
"244",0,1,0,0,0,0,0,0,0,0,0,1,0,0,0,0,0,2020,67,52,0.294117647058824
"245",0,0,0,0,0,0,0,0,0,1,0,0,0,0,0,1,0,2020,65.7,57.5,0.358823529411765
"246",0,0,0,0,0,0,0,0,0,1,0,0,0,0,0,0,1,2020,66.5,61.9,0.314705882352941
"247",0,0,0,0,0,0,0,0,0,1,0,0,0,0,1,0,0,2020,70.5,69.3,0.395588235294118
"248",0,0,0,0,0,0,0,0,0,1,1,0,0,0,0,0,0,2020,72.8,68.3,0.426470588235294
"249",0,0,0,0,0,0,0,0,0,1,0,0,1,0,0,0,0,2020,70.7,53.2,0.394117647058824
"250",0,0,0,0,0,0,0,0,0,1,0,0,0,1,0,0,0,2020,67.3,60.5,0.291176470588235
"251",0,0,0,0,0,0,0,0,0,1,0,1,0,0,0,0,0,2020,67.1,58.6,0.297058823529412
"252",0,0,0,0,0,0,0,0,0,1,0,0,0,0,0,1,0,2020,65.9,63.7,0.357352941176471
"253",0,0,0,0,0,0,0,0,0,1,0,0,0,0,0,0,1,2020,69.3,67.3,0.292647058823529
"254",0,0,0,0,0,0,0,0,0,1,0,0,0,0,1,0,0,2020,70.8,69.5,0.373529411764706
"255",0,0,0,0,0,0,0,0,0,1,1,0,0,0,0,0,0,2020,69.1,62.7,0.379411764705882
"256",0,0,0,0,0,0,0,0,0,1,0,0,1,0,0,0,0,2020,62.4,49.7,0.310294117647059
"257",0,0,0,0,0,0,0,0,0,1,0,0,0,1,0,0,0,2020,64.2,57.9,0.223529411764706
"258",0,0,0,0,0,0,0,0,0,1,0,1,0,0,0,0,0,2020,69.5,61.2,0.288235294117647
"259",0,0,0,0,0,0,0,0,0,1,0,0,0,0,0,1,0,2020,61.5,45.7,0.304411764705882
"260",0,0,0,0,0,0,0,0,0,1,0,0,0,0,0,0,1,2020,58.8,51.3,0.311764705882353
"261",0,0,0,0,0,0,0,0,0,1,0,0,0,0,1,0,0,2020,68.5,63.7,0.336764705882353
"262",0,0,0,0,0,0,0,0,0,1,1,0,0,0,0,0,0,2020,63.6,59.9,0.366176470588235
"263",0,0,0,0,0,0,0,0,0,1,0,0,1,0,0,0,0,2020,58.8,41.4,0.347058823529412
"264",0,0,0,0,0,0,0,0,0,1,0,0,0,1,0,0,0,2020,55.2,38.9,0.264705882352941
"265",0,0,0,0,0,0,0,0,0,1,0,1,0,0,0,0,0,2020,56.8,37,0.319117647058824
"266",0,0,0,0,0,0,0,0,0,1,0,0,0,0,0,1,0,2020,58.8,40.4,0.310294117647059
"267",0,0,0,0,0,0,0,0,0,1,0,0,0,0,0,0,1,2020,64.1,48.2,0.383823529411765
"268",0,0,0,0,0,0,0,0,0,1,0,0,0,0,1,0,0,2020,66.2,56.9,0.298529411764706
"269",0,0,0,0,0,0,0,0,0,1,1,0,0,0,0,0,0,2020,64.6,61,0.372058823529412
"270",0,0,0,0,0,0,0,0,0,1,0,0,1,0,0,0,0,2020,63.6,60.9,0.348529411764706
"271",0,0,0,0,0,0,0,0,0,1,0,0,0,1,0,0,0,2020,66.7,63,0.323529411764706
"272",0,0,0,0,0,0,0,0,0,1,0,1,0,0,0,0,0,2020,68.1,66.3,0.304411764705882
"273",0,0,0,0,0,0,0,0,0,1,0,0,0,0,0,1,0,2020,67.5,65.8,0.322058823529412
"274",0,0,0,0,0,0,0,0,0,1,0,0,0,0,0,0,1,2020,67.6,64.2,0.370588235294118
"275",0,0,0,0,0,0,0,0,1,0,0,0,0,0,1,0,0,2020,66.4,62.2,0.348529411764706
"276",0,0,0,0,0,0,0,0,1,0,1,0,0,0,0,0,0,2020,64.8,59,0.373529411764706
"277",0,0,0,0,0,0,0,0,1,0,0,0,1,0,0,0,0,2020,61.4,47.8,0.335294117647059
"278",0,0,0,0,0,0,0,0,1,0,0,0,0,1,0,0,0,2020,61,51.5,0.251470588235294
"279",0,0,0,0,0,0,0,0,1,0,0,1,0,0,0,0,0,2020,56.9,54.6,0.3
"280",0,0,0,0,0,0,0,0,1,0,0,0,0,0,0,1,0,2020,59.2,53.1,0.335294117647059
"281",0,0,0,0,0,0,0,0,1,0,0,0,0,0,0,0,1,2020,65.7,60.4,0.308823529411765
"282",0,0,0,0,0,0,0,0,1,0,0,0,0,0,1,0,0,2020,59.5,41.1,0.342647058823529
"283",0,0,0,0,0,0,0,0,1,0,1,0,0,0,0,0,0,2020,52.5,34.2,0.339705882352941
"284",0,0,0,0,0,0,0,0,1,0,0,0,1,0,0,0,0,2020,65.2,56.4,0.260294117647059
"285",0,0,0,0,0,0,0,0,1,0,0,0,0,1,0,0,0,2020,60.9,51.3,0.219117647058824
"286",0,0,0,0,0,0,0,0,1,0,0,1,0,0,0,0,0,2020,55.3,47.3,0.327941176470588
"287",0,0,0,0,0,0,0,0,1,0,0,0,0,0,0,1,0,2020,61.8,60.1,0.325
"288",0,0,0,0,0,0,0,0,1,0,0,0,0,0,0,0,1,2020,60.7,50.6,0.338235294117647
"289",0,0,0,0,0,0,0,0,1,0,0,0,0,0,1,0,0,2020,63.5,58.3,0.292647058823529
"290",0,0,0,0,0,0,0,0,1,0,1,0,0,0,0,0,0,2020,65.4,60.7,0.277941176470588
"291",0,0,0,0,0,0,0,0,1,0,0,0,1,0,0,0,0,2020,54.3,44.2,0.329411764705882
"292",0,0,0,0,0,0,0,0,1,0,0,0,0,1,0,0,0,2020,54.7,40,0.257352941176471
"293",0,0,0,0,0,0,0,0,1,0,0,1,0,0,0,0,0,2020,55.6,48.9,0.211764705882353
"294",0,0,0,0,0,0,0,0,1,0,0,0,0,0,0,1,0,2020,59.7,57.6,0.291176470588235
